archivo_entrada,algoritmo,n,tipo,dominio,muestra,tiempo_us,tiempo_ms,memoria_kb,resultado_correcto,archivo_salida
10_aleatorio_D1_a.txt,merge,10,aleatorio,D1,a,4,0.004644,0,true,data/array_output/10_aleatorio_D1_a_merge.txt
10_aleatorio_D1_a.txt,quick,10,aleatorio,D1,a,7,0.007057,0,true,data/array_output/10_aleatorio_D1_a_quick.txt
10_aleatorio_D1_a.txt,patience,10,aleatorio,D1,a,53,0.05318,0,true,data/array_output/10_aleatorio_D1_a_patience.txt
10_aleatorio_D1_a.txt,stdsort,10,aleatorio,D1,a,10,0.01039,0,true,data/array_output/10_aleatorio_D1_a_stdsort.txt
10_aleatorio_D1_b.txt,merge,10,aleatorio,D1,b,19,0.019884,0,true,data/array_output/10_aleatorio_D1_b_merge.txt
10_aleatorio_D1_b.txt,quick,10,aleatorio,D1,b,5,0.00516,0,true,data/array_output/10_aleatorio_D1_b_quick.txt
10_aleatorio_D1_b.txt,patience,10,aleatorio,D1,b,45,0.045802,0,true,data/array_output/10_aleatorio_D1_b_patience.txt
10_aleatorio_D1_b.txt,stdsort,10,aleatorio,D1,b,8,0.008226,0,true,data/array_output/10_aleatorio_D1_b_stdsort.txt
10_aleatorio_D1_c.txt,merge,10,aleatorio,D1,c,18,0.018405,0,true,data/array_output/10_aleatorio_D1_c_merge.txt
10_aleatorio_D1_c.txt,quick,10,aleatorio,D1,c,4,0.004893,0,true,data/array_output/10_aleatorio_D1_c_quick.txt
10_aleatorio_D1_c.txt,patience,10,aleatorio,D1,c,49,0.049039,0,true,data/array_output/10_aleatorio_D1_c_patience.txt
10_aleatorio_D1_c.txt,stdsort,10,aleatorio,D1,c,8,0.008993,0,true,data/array_output/10_aleatorio_D1_c_stdsort.txt
10_aleatorio_D7_a.txt,merge,10,aleatorio,D7,a,18,0.018808,0,true,data/array_output/10_aleatorio_D7_a_merge.txt
10_aleatorio_D7_a.txt,quick,10,aleatorio,D7,a,10,0.01035,0,true,data/array_output/10_aleatorio_D7_a_quick.txt
10_aleatorio_D7_a.txt,patience,10,aleatorio,D7,a,46,0.046366,0,true,data/array_output/10_aleatorio_D7_a_patience.txt
10_aleatorio_D7_a.txt,stdsort,10,aleatorio,D7,a,10,0.010448,0,true,data/array_output/10_aleatorio_D7_a_stdsort.txt
10_aleatorio_D7_b.txt,merge,10,aleatorio,D7,b,24,0.024367,0,true,data/array_output/10_aleatorio_D7_b_merge.txt
10_aleatorio_D7_b.txt,quick,10,aleatorio,D7,b,6,0.006142,0,true,data/array_output/10_aleatorio_D7_b_quick.txt
10_aleatorio_D7_b.txt,patience,10,aleatorio,D7,b,34,0.034124,0,true,data/array_output/10_aleatorio_D7_b_patience.txt
10_aleatorio_D7_b.txt,stdsort,10,aleatorio,D7,b,9,0.009228,0,true,data/array_output/10_aleatorio_D7_b_stdsort.txt
10_aleatorio_D7_c.txt,merge,10,aleatorio,D7,c,25,0.025181,0,true,data/array_output/10_aleatorio_D7_c_merge.txt
10_aleatorio_D7_c.txt,quick,10,aleatorio,D7,c,5,0.005968,0,true,data/array_output/10_aleatorio_D7_c_quick.txt
10_aleatorio_D7_c.txt,patience,10,aleatorio,D7,c,55,0.055967,0,true,data/array_output/10_aleatorio_D7_c_patience.txt
10_aleatorio_D7_c.txt,stdsort,10,aleatorio,D7,c,2,0.002258,0,true,data/array_output/10_aleatorio_D7_c_stdsort.txt
10_ascendente_D1_a.txt,merge,10,ascendente,D1,a,14,0.014422,0,true,data/array_output/10_ascendente_D1_a_merge.txt
10_ascendente_D1_a.txt,quick,10,ascendente,D1,a,4,0.004251,0,true,data/array_output/10_ascendente_D1_a_quick.txt
10_ascendente_D1_a.txt,patience,10,ascendente,D1,a,27,0.027793,0,true,data/array_output/10_ascendente_D1_a_patience.txt
10_ascendente_D1_a.txt,stdsort,10,ascendente,D1,a,4,0.004141,0,true,data/array_output/10_ascendente_D1_a_stdsort.txt
10_ascendente_D1_b.txt,merge,10,ascendente,D1,b,3,0.003831,0,true,data/array_output/10_ascendente_D1_b_merge.txt
10_ascendente_D1_b.txt,quick,10,ascendente,D1,b,2,0.002597,0,true,data/array_output/10_ascendente_D1_b_quick.txt
10_ascendente_D1_b.txt,patience,10,ascendente,D1,b,33,0.033589,0,true,data/array_output/10_ascendente_D1_b_patience.txt
10_ascendente_D1_b.txt,stdsort,10,ascendente,D1,b,6,0.00612,0,true,data/array_output/10_ascendente_D1_b_stdsort.txt
10_ascendente_D1_c.txt,merge,10,ascendente,D1,c,20,0.020245,0,true,data/array_output/10_ascendente_D1_c_merge.txt
10_ascendente_D1_c.txt,quick,10,ascendente,D1,c,6,0.006927,0,true,data/array_output/10_ascendente_D1_c_quick.txt
10_ascendente_D1_c.txt,patience,10,ascendente,D1,c,64,0.064515,0,true,data/array_output/10_ascendente_D1_c_patience.txt
10_ascendente_D1_c.txt,stdsort,10,ascendente,D1,c,8,0.008463,0,true,data/array_output/10_ascendente_D1_c_stdsort.txt
10_ascendente_D7_a.txt,merge,10,ascendente,D7,a,19,0.019684,0,true,data/array_output/10_ascendente_D7_a_merge.txt
10_ascendente_D7_a.txt,quick,10,ascendente,D7,a,7,0.00771,0,true,data/array_output/10_ascendente_D7_a_quick.txt
10_ascendente_D7_a.txt,patience,10,ascendente,D7,a,22,0.022553,0,true,data/array_output/10_ascendente_D7_a_patience.txt
10_ascendente_D7_a.txt,stdsort,10,ascendente,D7,a,6,0.006274,0,true,data/array_output/10_ascendente_D7_a_stdsort.txt
10_ascendente_D7_b.txt,merge,10,ascendente,D7,b,18,0.018479,0,true,data/array_output/10_ascendente_D7_b_merge.txt
10_ascendente_D7_b.txt,quick,10,ascendente,D7,b,4,0.004863,0,true,data/array_output/10_ascendente_D7_b_quick.txt
10_ascendente_D7_b.txt,patience,10,ascendente,D7,b,74,0.074316,0,true,data/array_output/10_ascendente_D7_b_patience.txt
10_ascendente_D7_b.txt,stdsort,10,ascendente,D7,b,3,0.003252,0,true,data/array_output/10_ascendente_D7_b_stdsort.txt
10_ascendente_D7_c.txt,merge,10,ascendente,D7,c,19,0.019094,0,true,data/array_output/10_ascendente_D7_c_merge.txt
10_ascendente_D7_c.txt,quick,10,ascendente,D7,c,6,0.00685,0,true,data/array_output/10_ascendente_D7_c_quick.txt
10_ascendente_D7_c.txt,patience,10,ascendente,D7,c,19,0.019287,0,true,data/array_output/10_ascendente_D7_c_patience.txt
10_ascendente_D7_c.txt,stdsort,10,ascendente,D7,c,6,0.00635,0,true,data/array_output/10_ascendente_D7_c_stdsort.txt
10_descendente_D1_a.txt,merge,10,descendente,D1,a,20,0.020797,0,true,data/array_output/10_descendente_D1_a_merge.txt
10_descendente_D1_a.txt,quick,10,descendente,D1,a,6,0.006586,0,true,data/array_output/10_descendente_D1_a_quick.txt
10_descendente_D1_a.txt,patience,10,descendente,D1,a,9,0.00916,0,true,data/array_output/10_descendente_D1_a_patience.txt
10_descendente_D1_a.txt,stdsort,10,descendente,D1,a,3,0.003487,0,true,data/array_output/10_descendente_D1_a_stdsort.txt
10_descendente_D1_b.txt,merge,10,descendente,D1,b,23,0.023873,0,true,data/array_output/10_descendente_D1_b_merge.txt
10_descendente_D1_b.txt,quick,10,descendente,D1,b,5,0.005833,0,true,data/array_output/10_descendente_D1_b_quick.txt
10_descendente_D1_b.txt,patience,10,descendente,D1,b,33,0.033132,0,true,data/array_output/10_descendente_D1_b_patience.txt
10_descendente_D1_b.txt,stdsort,10,descendente,D1,b,12,0.012719,0,true,data/array_output/10_descendente_D1_b_stdsort.txt
10_descendente_D1_c.txt,merge,10,descendente,D1,c,19,0.019547,0,true,data/array_output/10_descendente_D1_c_merge.txt
10_descendente_D1_c.txt,quick,10,descendente,D1,c,5,0.005506,0,true,data/array_output/10_descendente_D1_c_quick.txt
10_descendente_D1_c.txt,patience,10,descendente,D1,c,6,0.006832,0,true,data/array_output/10_descendente_D1_c_patience.txt
10_descendente_D1_c.txt,stdsort,10,descendente,D1,c,8,0.00873,0,true,data/array_output/10_descendente_D1_c_stdsort.txt
10_descendente_D7_a.txt,merge,10,descendente,D7,a,3,0.00372,0,true,data/array_output/10_descendente_D7_a_merge.txt
10_descendente_D7_a.txt,quick,10,descendente,D7,a,1,0.001532,0,true,data/array_output/10_descendente_D7_a_quick.txt
10_descendente_D7_a.txt,patience,10,descendente,D7,a,69,0.069594,0,true,data/array_output/10_descendente_D7_a_patience.txt
10_descendente_D7_a.txt,stdsort,10,descendente,D7,a,10,0.010019,0,true,data/array_output/10_descendente_D7_a_stdsort.txt
10_descendente_D7_b.txt,merge,10,descendente,D7,b,17,0.017814,0,true,data/array_output/10_descendente_D7_b_merge.txt
10_descendente_D7_b.txt,quick,10,descendente,D7,b,2,0.002878,0,true,data/array_output/10_descendente_D7_b_quick.txt
10_descendente_D7_b.txt,patience,10,descendente,D7,b,27,0.027276,0,true,data/array_output/10_descendente_D7_b_patience.txt
10_descendente_D7_b.txt,stdsort,10,descendente,D7,b,10,0.010938,0,true,data/array_output/10_descendente_D7_b_stdsort.txt
10_descendente_D7_c.txt,merge,10,descendente,D7,c,18,0.018437,0,true,data/array_output/10_descendente_D7_c_merge.txt
10_descendente_D7_c.txt,quick,10,descendente,D7,c,8,0.008039,0,true,data/array_output/10_descendente_D7_c_quick.txt
10_descendente_D7_c.txt,patience,10,descendente,D7,c,38,0.038416,0,true,data/array_output/10_descendente_D7_c_patience.txt
10_descendente_D7_c.txt,stdsort,10,descendente,D7,c,9,0.009746,0,true,data/array_output/10_descendente_D7_c_stdsort.txt
1000_aleatorio_D1_a.txt,merge,1000,aleatorio,D1,a,1897,1.89747,0,true,data/array_output/1000_aleatorio_D1_a_merge.txt
1000_aleatorio_D1_a.txt,quick,1000,aleatorio,D1,a,1954,1.95424,0,true,data/array_output/1000_aleatorio_D1_a_quick.txt
1000_aleatorio_D1_a.txt,patience,1000,aleatorio,D1,a,2683,2.68349,0,true,data/array_output/1000_aleatorio_D1_a_patience.txt
1000_aleatorio_D1_a.txt,stdsort,1000,aleatorio,D1,a,411,0.41102,0,true,data/array_output/1000_aleatorio_D1_a_stdsort.txt
1000_aleatorio_D1_b.txt,merge,1000,aleatorio,D1,b,2309,2.3091,0,true,data/array_output/1000_aleatorio_D1_b_merge.txt
1000_aleatorio_D1_b.txt,quick,1000,aleatorio,D1,b,3495,3.4959,0,true,data/array_output/1000_aleatorio_D1_b_quick.txt
1000_aleatorio_D1_b.txt,patience,1000,aleatorio,D1,b,3083,3.08342,0,true,data/array_output/1000_aleatorio_D1_b_patience.txt
1000_aleatorio_D1_b.txt,stdsort,1000,aleatorio,D1,b,779,0.779369,0,true,data/array_output/1000_aleatorio_D1_b_stdsort.txt
1000_aleatorio_D1_c.txt,merge,1000,aleatorio,D1,c,1920,1.92039,0,true,data/array_output/1000_aleatorio_D1_c_merge.txt
1000_aleatorio_D1_c.txt,quick,1000,aleatorio,D1,c,3504,3.5043,0,true,data/array_output/1000_aleatorio_D1_c_quick.txt
1000_aleatorio_D1_c.txt,patience,1000,aleatorio,D1,c,2065,2.06595,0,true,data/array_output/1000_aleatorio_D1_c_patience.txt
1000_aleatorio_D1_c.txt,stdsort,1000,aleatorio,D1,c,910,0.910001,0,true,data/array_output/1000_aleatorio_D1_c_stdsort.txt
1000_aleatorio_D7_a.txt,merge,1000,aleatorio,D7,a,2038,2.03842,0,true,data/array_output/1000_aleatorio_D7_a_merge.txt
1000_aleatorio_D7_a.txt,quick,1000,aleatorio,D7,a,748,0.748618,0,true,data/array_output/1000_aleatorio_D7_a_quick.txt
1000_aleatorio_D7_a.txt,patience,1000,aleatorio,D7,a,4215,4.21529,0,true,data/array_output/1000_aleatorio_D7_a_patience.txt
1000_aleatorio_D7_a.txt,stdsort,1000,aleatorio,D7,a,930,0.93012,0,true,data/array_output/1000_aleatorio_D7_a_stdsort.txt
1000_aleatorio_D7_b.txt,merge,1000,aleatorio,D7,b,2261,2.26176,0,true,data/array_output/1000_aleatorio_D7_b_merge.txt
1000_aleatorio_D7_b.txt,quick,1000,aleatorio,D7,b,245,0.245905,0,true,data/array_output/1000_aleatorio_D7_b_quick.txt
1000_aleatorio_D7_b.txt,patience,1000,aleatorio,D7,b,1799,1.79989,0,true,data/array_output/1000_aleatorio_D7_b_patience.txt
1000_aleatorio_D7_b.txt,stdsort,1000,aleatorio,D7,b,981,0.981189,0,true,data/array_output/1000_aleatorio_D7_b_stdsort.txt
1000_aleatorio_D7_c.txt,merge,1000,aleatorio,D7,c,682,0.682761,0,true,data/array_output/1000_aleatorio_D7_c_merge.txt
1000_aleatorio_D7_c.txt,quick,1000,aleatorio,D7,c,654,0.654253,0,true,data/array_output/1000_aleatorio_D7_c_quick.txt
1000_aleatorio_D7_c.txt,patience,1000,aleatorio,D7,c,4339,4.33904,0,true,data/array_output/1000_aleatorio_D7_c_patience.txt
1000_aleatorio_D7_c.txt,stdsort,1000,aleatorio,D7,c,960,0.960086,0,true,data/array_output/1000_aleatorio_D7_c_stdsort.txt
1000_ascendente_D1_a.txt,merge,1000,ascendente,D1,a,1777,1.77707,0,true,data/array_output/1000_ascendente_D1_a_merge.txt
1000_ascendente_D1_a.txt,quick,1000,ascendente,D1,a,27932,27.9329,0,true,data/array_output/1000_ascendente_D1_a_quick.txt
1000_ascendente_D1_a.txt,patience,1000,ascendente,D1,a,2468,2.46879,0,true,data/array_output/1000_ascendente_D1_a_patience.txt
1000_ascendente_D1_a.txt,stdsort,1000,ascendente,D1,a,523,0.523998,0,true,data/array_output/1000_ascendente_D1_a_stdsort.txt
1000_ascendente_D1_b.txt,merge,1000,ascendente,D1,b,1723,1.72305,0,true,data/array_output/1000_ascendente_D1_b_merge.txt
1000_ascendente_D1_b.txt,quick,1000,ascendente,D1,b,24731,24.7311,0,true,data/array_output/1000_ascendente_D1_b_quick.txt
1000_ascendente_D1_b.txt,patience,1000,ascendente,D1,b,1521,1.52121,0,true,data/array_output/1000_ascendente_D1_b_patience.txt
1000_ascendente_D1_b.txt,stdsort,1000,ascendente,D1,b,307,0.307187,0,true,data/array_output/1000_ascendente_D1_b_stdsort.txt
1000_ascendente_D1_c.txt,merge,1000,ascendente,D1,c,343,0.343623,0,true,data/array_output/1000_ascendente_D1_c_merge.txt
1000_ascendente_D1_c.txt,quick,1000,ascendente,D1,c,30566,30.5662,0,true,data/array_output/1000_ascendente_D1_c_quick.txt
1000_ascendente_D1_c.txt,patience,1000,ascendente,D1,c,2476,2.4769,0,true,data/array_output/1000_ascendente_D1_c_patience.txt
1000_ascendente_D1_c.txt,stdsort,1000,ascendente,D1,c,555,0.55544,0,true,data/array_output/1000_ascendente_D1_c_stdsort.txt
1000_ascendente_D7_a.txt,merge,1000,ascendente,D7,a,1692,1.69282,0,true,data/array_output/1000_ascendente_D7_a_merge.txt
1000_ascendente_D7_a.txt,quick,1000,ascendente,D7,a,27483,27.4835,0,true,data/array_output/1000_ascendente_D7_a_quick.txt
1000_ascendente_D7_a.txt,patience,1000,ascendente,D7,a,5751,5.75161,0,true,data/array_output/1000_ascendente_D7_a_patience.txt
1000_ascendente_D7_a.txt,stdsort,1000,ascendente,D7,a,497,0.497251,0,true,data/array_output/1000_ascendente_D7_a_stdsort.txt
1000_ascendente_D7_b.txt,merge,1000,ascendente,D7,b,378,0.378666,0,true,data/array_output/1000_ascendente_D7_b_merge.txt
1000_ascendente_D7_b.txt,quick,1000,ascendente,D7,b,30001,30.002,0,true,data/array_output/1000_ascendente_D7_b_quick.txt
1000_ascendente_D7_b.txt,patience,1000,ascendente,D7,b,6290,6.29064,0,true,data/array_output/1000_ascendente_D7_b_patience.txt
1000_ascendente_D7_b.txt,stdsort,1000,ascendente,D7,b,697,0.697118,0,true,data/array_output/1000_ascendente_D7_b_stdsort.txt
1000_ascendente_D7_c.txt,merge,1000,ascendente,D7,c,1721,1.72148,0,true,data/array_output/1000_ascendente_D7_c_merge.txt
1000_ascendente_D7_c.txt,quick,1000,ascendente,D7,c,28756,28.7568,0,true,data/array_output/1000_ascendente_D7_c_quick.txt
1000_ascendente_D7_c.txt,patience,1000,ascendente,D7,c,5632,5.63289,0,true,data/array_output/1000_ascendente_D7_c_patience.txt
1000_ascendente_D7_c.txt,stdsort,1000,ascendente,D7,c,501,0.501796,0,true,data/array_output/1000_ascendente_D7_c_stdsort.txt
1000_descendente_D1_a.txt,merge,1000,descendente,D1,a,438,0.438872,0,true,data/array_output/1000_descendente_D1_a_merge.txt
1000_descendente_D1_a.txt,quick,1000,descendente,D1,a,8022,8.0226,0,true,data/array_output/1000_descendente_D1_a_quick.txt
1000_descendente_D1_a.txt,patience,1000,descendente,D1,a,1381,1.38155,0,true,data/array_output/1000_descendente_D1_a_patience.txt
1000_descendente_D1_a.txt,stdsort,1000,descendente,D1,a,792,0.792917,0,true,data/array_output/1000_descendente_D1_a_stdsort.txt
1000_descendente_D1_b.txt,merge,1000,descendente,D1,b,1860,1.86032,0,true,data/array_output/1000_descendente_D1_b_merge.txt
1000_descendente_D1_b.txt,quick,1000,descendente,D1,b,6526,6.52689,0,true,data/array_output/1000_descendente_D1_b_quick.txt
1000_descendente_D1_b.txt,patience,1000,descendente,D1,b,1620,1.6202,0,true,data/array_output/1000_descendente_D1_b_patience.txt
1000_descendente_D1_b.txt,stdsort,1000,descendente,D1,b,619,0.619534,0,true,data/array_output/1000_descendente_D1_b_stdsort.txt
1000_descendente_D1_c.txt,merge,1000,descendente,D1,c,1849,1.84927,0,true,data/array_output/1000_descendente_D1_c_merge.txt
1000_descendente_D1_c.txt,quick,1000,descendente,D1,c,14646,14.6462,0,true,data/array_output/1000_descendente_D1_c_quick.txt
1000_descendente_D1_c.txt,patience,1000,descendente,D1,c,1292,1.29296,0,true,data/array_output/1000_descendente_D1_c_patience.txt
1000_descendente_D1_c.txt,stdsort,1000,descendente,D1,c,595,0.59584,0,true,data/array_output/1000_descendente_D1_c_stdsort.txt
1000_descendente_D7_a.txt,merge,1000,descendente,D7,a,1732,1.73214,0,true,data/array_output/1000_descendente_D7_a_merge.txt
1000_descendente_D7_a.txt,quick,1000,descendente,D7,a,8690,8.69018,0,true,data/array_output/1000_descendente_D7_a_quick.txt
1000_descendente_D7_a.txt,patience,1000,descendente,D7,a,636,0.636014,0,true,data/array_output/1000_descendente_D7_a_patience.txt
1000_descendente_D7_a.txt,stdsort,1000,descendente,D7,a,484,0.484244,0,true,data/array_output/1000_descendente_D7_a_stdsort.txt
1000_descendente_D7_b.txt,merge,1000,descendente,D7,b,312,0.312093,0,true,data/array_output/1000_descendente_D7_b_merge.txt
1000_descendente_D7_b.txt,quick,1000,descendente,D7,b,4324,4.32441,0,true,data/array_output/1000_descendente_D7_b_quick.txt
1000_descendente_D7_b.txt,patience,1000,descendente,D7,b,583,0.583443,0,true,data/array_output/1000_descendente_D7_b_patience.txt
1000_descendente_D7_b.txt,stdsort,1000,descendente,D7,b,416,0.416554,0,true,data/array_output/1000_descendente_D7_b_stdsort.txt
1000_descendente_D7_c.txt,merge,1000,descendente,D7,c,1723,1.72364,0,true,data/array_output/1000_descendente_D7_c_merge.txt
1000_descendente_D7_c.txt,quick,1000,descendente,D7,c,19005,19.0053,0,true,data/array_output/1000_descendente_D7_c_quick.txt
1000_descendente_D7_c.txt,patience,1000,descendente,D7,c,1283,1.28303,0,true,data/array_output/1000_descendente_D7_c_patience.txt
1000_descendente_D7_c.txt,stdsort,1000,descendente,D7,c,441,0.441596,0,true,data/array_output/1000_descendente_D7_c_stdsort.txt
100000_aleatorio_D1_a.txt,merge,100000,aleatorio,D1,a,49842,49.8423,384,true,data/array_output/100000_aleatorio_D1_a_merge.txt
100000_aleatorio_D1_a.txt,quick,100000,aleatorio,D1,a,5577294,5577.29,384,true,data/array_output/100000_aleatorio_D1_a_quick.txt
100000_aleatorio_D1_a.txt,patience,100000,aleatorio,D1,a,91046,91.0467,128,true,data/array_output/100000_aleatorio_D1_a_patience.txt
100000_aleatorio_D1_a.txt,stdsort,100000,aleatorio,D1,a,62612,62.6122,0,true,data/array_output/100000_aleatorio_D1_a_stdsort.txt
100000_aleatorio_D1_b.txt,merge,100000,aleatorio,D1,b,54398,54.3981,0,true,data/array_output/100000_aleatorio_D1_b_merge.txt
100000_aleatorio_D1_b.txt,quick,100000,aleatorio,D1,b,5588713,5588.71,0,true,data/array_output/100000_aleatorio_D1_b_quick.txt
100000_aleatorio_D1_b.txt,patience,100000,aleatorio,D1,b,90557,90.5576,0,true,data/array_output/100000_aleatorio_D1_b_patience.txt
100000_aleatorio_D1_b.txt,stdsort,100000,aleatorio,D1,b,26502,26.5022,0,true,data/array_output/100000_aleatorio_D1_b_stdsort.txt
100000_aleatorio_D1_c.txt,merge,100000,aleatorio,D1,c,58047,58.0471,0,true,data/array_output/100000_aleatorio_D1_c_merge.txt
100000_aleatorio_D1_c.txt,quick,100000,aleatorio,D1,c,5694376,5694.38,0,true,data/array_output/100000_aleatorio_D1_c_quick.txt
100000_aleatorio_D1_c.txt,patience,100000,aleatorio,D1,c,90621,90.6217,0,true,data/array_output/100000_aleatorio_D1_c_patience.txt
100000_aleatorio_D1_c.txt,stdsort,100000,aleatorio,D1,c,61845,61.8451,0,true,data/array_output/100000_aleatorio_D1_c_stdsort.txt
100000_aleatorio_D7_a.txt,merge,100000,aleatorio,D7,a,58140,58.141,0,true,data/array_output/100000_aleatorio_D7_a_merge.txt
100000_aleatorio_D7_a.txt,quick,100000,aleatorio,D7,a,45521,45.5217,0,true,data/array_output/100000_aleatorio_D7_a_quick.txt
100000_aleatorio_D7_a.txt,patience,100000,aleatorio,D7,a,138154,138.154,0,true,data/array_output/100000_aleatorio_D7_a_patience.txt
100000_aleatorio_D7_a.txt,stdsort,100000,aleatorio,D7,a,40736,40.7369,128,true,data/array_output/100000_aleatorio_D7_a_stdsort.txt
100000_aleatorio_D7_b.txt,merge,100000,aleatorio,D7,b,63925,63.926,0,true,data/array_output/100000_aleatorio_D7_b_merge.txt
100000_aleatorio_D7_b.txt,quick,100000,aleatorio,D7,b,57267,57.2678,0,true,data/array_output/100000_aleatorio_D7_b_quick.txt
100000_aleatorio_D7_b.txt,patience,100000,aleatorio,D7,b,101755,101.755,0,true,data/array_output/100000_aleatorio_D7_b_patience.txt
100000_aleatorio_D7_b.txt,stdsort,100000,aleatorio,D7,b,32492,32.4929,0,true,data/array_output/100000_aleatorio_D7_b_stdsort.txt
100000_aleatorio_D7_c.txt,merge,100000,aleatorio,D7,c,60291,60.2911,0,true,data/array_output/100000_aleatorio_D7_c_merge.txt
100000_aleatorio_D7_c.txt,quick,100000,aleatorio,D7,c,20946,20.9467,0,true,data/array_output/100000_aleatorio_D7_c_quick.txt
100000_aleatorio_D7_c.txt,patience,100000,aleatorio,D7,c,138498,138.498,0,true,data/array_output/100000_aleatorio_D7_c_patience.txt
100000_aleatorio_D7_c.txt,stdsort,100000,aleatorio,D7,c,64984,64.9845,0,true,data/array_output/100000_aleatorio_D7_c_stdsort.txt
100000_ascendente_D1_a.txt,merge,100000,ascendente,D1,a,56891,56.8919,0,true,data/array_output/100000_ascendente_D1_a_merge.txt
100000_ascendente_D1_a.txt,quick,100000,ascendente,D1,a,55307159,55307.2,4096,true,data/array_output/100000_ascendente_D1_a_quick.txt
100000_ascendente_D1_a.txt,patience,100000,ascendente,D1,a,83301,83.3013,0,true,data/array_output/100000_ascendente_D1_a_patience.txt
100000_ascendente_D1_a.txt,stdsort,100000,ascendente,D1,a,55012,55.0121,0,true,data/array_output/100000_ascendente_D1_a_stdsort.txt
100000_ascendente_D1_b.txt,merge,100000,ascendente,D1,b,50149,50.1494,0,true,data/array_output/100000_ascendente_D1_b_merge.txt
100000_ascendente_D1_b.txt,quick,100000,ascendente,D1,b,55385542,55385.5,0,true,data/array_output/100000_ascendente_D1_b_quick.txt
100000_ascendente_D1_b.txt,patience,100000,ascendente,D1,b,88753,88.7534,0,true,data/array_output/100000_ascendente_D1_b_patience.txt
100000_ascendente_D1_b.txt,stdsort,100000,ascendente,D1,b,55390,55.3908,0,true,data/array_output/100000_ascendente_D1_b_stdsort.txt
100000_ascendente_D1_c.txt,merge,100000,ascendente,D1,c,52254,52.2541,0,true,data/array_output/100000_ascendente_D1_c_merge.txt
100000_ascendente_D1_c.txt,quick,100000,ascendente,D1,c,55726743,55726.7,0,true,data/array_output/100000_ascendente_D1_c_quick.txt
100000_ascendente_D1_c.txt,patience,100000,ascendente,D1,c,58315,58.3157,0,true,data/array_output/100000_ascendente_D1_c_patience.txt
100000_ascendente_D1_c.txt,stdsort,100000,ascendente,D1,c,43471,43.4712,0,true,data/array_output/100000_ascendente_D1_c_stdsort.txt
100000_ascendente_D7_a.txt,merge,100000,ascendente,D7,a,50424,50.4241,0,true,data/array_output/100000_ascendente_D7_a_merge.txt
100000_ascendente_D7_a.txt,quick,100000,ascendente,D7,a,55908971,55909,0,true,data/array_output/100000_ascendente_D7_a_quick.txt
100000_ascendente_D7_a.txt,patience,100000,ascendente,D7,a,152060,152.06,6152,true,data/array_output/100000_ascendente_D7_a_patience.txt
100000_ascendente_D7_a.txt,stdsort,100000,ascendente,D7,a,25360,25.3605,0,true,data/array_output/100000_ascendente_D7_a_stdsort.txt
100000_ascendente_D7_b.txt,merge,100000,ascendente,D7,b,41165,41.1652,0,true,data/array_output/100000_ascendente_D7_b_merge.txt
100000_ascendente_D7_b.txt,quick,100000,ascendente,D7,b,55659756,55659.8,0,true,data/array_output/100000_ascendente_D7_b_quick.txt
100000_ascendente_D7_b.txt,patience,100000,ascendente,D7,b,163878,163.879,712,true,data/array_output/100000_ascendente_D7_b_patience.txt
100000_ascendente_D7_b.txt,stdsort,100000,ascendente,D7,b,23166,23.1662,0,true,data/array_output/100000_ascendente_D7_b_stdsort.txt
100000_ascendente_D7_c.txt,merge,100000,ascendente,D7,c,51238,51.2385,0,true,data/array_output/100000_ascendente_D7_c_merge.txt
100000_ascendente_D7_c.txt,quick,100000,ascendente,D7,c,55227911,55227.9,0,true,data/array_output/100000_ascendente_D7_c_quick.txt
100000_ascendente_D7_c.txt,patience,100000,ascendente,D7,c,179926,179.927,0,true,data/array_output/100000_ascendente_D7_c_patience.txt
100000_ascendente_D7_c.txt,stdsort,100000,ascendente,D7,c,53114,53.1149,0,true,data/array_output/100000_ascendente_D7_c_stdsort.txt
100000_descendente_D1_a.txt,merge,100000,descendente,D1,a,49743,49.7432,0,true,data/array_output/100000_descendente_D1_a_merge.txt
100000_descendente_D1_a.txt,quick,100000,descendente,D1,a,5802802,5802.8,0,true,data/array_output/100000_descendente_D1_a_quick.txt
100000_descendente_D1_a.txt,patience,100000,descendente,D1,a,52664,52.6645,0,true,data/array_output/100000_descendente_D1_a_patience.txt
100000_descendente_D1_a.txt,stdsort,100000,descendente,D1,a,30125,30.1252,0,true,data/array_output/100000_descendente_D1_a_stdsort.txt
100000_descendente_D1_b.txt,merge,100000,descendente,D1,b,51775,51.7754,0,true,data/array_output/100000_descendente_D1_b_merge.txt
100000_descendente_D1_b.txt,quick,100000,descendente,D1,b,27489503,27489.5,0,true,data/array_output/100000_descendente_D1_b_quick.txt
100000_descendente_D1_b.txt,patience,100000,descendente,D1,b,55666,55.6665,0,true,data/array_output/100000_descendente_D1_b_patience.txt
100000_descendente_D1_b.txt,stdsort,100000,descendente,D1,b,57741,57.7411,0,true,data/array_output/100000_descendente_D1_b_stdsort.txt
100000_descendente_D1_c.txt,merge,100000,descendente,D1,c,39030,39.031,0,true,data/array_output/100000_descendente_D1_c_merge.txt
100000_descendente_D1_c.txt,quick,100000,descendente,D1,c,14657070,14657.1,0,true,data/array_output/100000_descendente_D1_c_quick.txt
100000_descendente_D1_c.txt,patience,100000,descendente,D1,c,63079,63.0792,0,true,data/array_output/100000_descendente_D1_c_patience.txt
100000_descendente_D1_c.txt,stdsort,100000,descendente,D1,c,61080,61.0801,0,true,data/array_output/100000_descendente_D1_c_stdsort.txt
100000_descendente_D7_a.txt,merge,100000,descendente,D7,a,39919,39.9199,0,true,data/array_output/100000_descendente_D7_a_merge.txt
100000_descendente_D7_a.txt,quick,100000,descendente,D7,a,32705330,32705.3,0,true,data/array_output/100000_descendente_D7_a_quick.txt
100000_descendente_D7_a.txt,patience,100000,descendente,D7,a,28932,28.9323,0,true,data/array_output/100000_descendente_D7_a_patience.txt
100000_descendente_D7_a.txt,stdsort,100000,descendente,D7,a,27247,27.2478,0,true,data/array_output/100000_descendente_D7_a_stdsort.txt
100000_descendente_D7_b.txt,merge,100000,descendente,D7,b,45193,45.1937,0,true,data/array_output/100000_descendente_D7_b_merge.txt
100000_descendente_D7_b.txt,quick,100000,descendente,D7,b,32429806,32429.8,0,true,data/array_output/100000_descendente_D7_b_quick.txt
100000_descendente_D7_b.txt,patience,100000,descendente,D7,b,61439,61.4393,0,true,data/array_output/100000_descendente_D7_b_patience.txt
100000_descendente_D7_b.txt,stdsort,100000,descendente,D7,b,47177,47.1774,0,true,data/array_output/100000_descendente_D7_b_stdsort.txt
100000_descendente_D7_c.txt,merge,100000,descendente,D7,c,48848,48.8489,0,true,data/array_output/100000_descendente_D7_c_merge.txt
100000_descendente_D7_c.txt,quick,100000,descendente,D7,c,32367947,32367.9,0,true,data/array_output/100000_descendente_D7_c_quick.txt
100000_descendente_D7_c.txt,patience,100000,descendente,D7,c,36649,36.6496,0,true,data/array_output/100000_descendente_D7_c_patience.txt
100000_descendente_D7_c.txt,stdsort,100000,descendente,D7,c,17169,17.1694,0,true,data/array_output/100000_descendente_D7_c_stdsort.txt
10000000_aleatorio_D1_a.txt,merge,10000000,aleatorio,D1,a,5056756,5056.76,34304,true,data/array_output/10000000_aleatorio_D1_a_merge.txt
10000000_aleatorio_D1_a.txt,patience,10000000,aleatorio,D1,a,5055584,5055.58,10328,true,data/array_output/10000000_aleatorio_D1_a_patience.txt
10000000_aleatorio_D1_a.txt,stdsort,10000000,aleatorio,D1,a,3117668,3117.67,0,true,data/array_output/10000000_aleatorio_D1_a_stdsort.txt
10000000_aleatorio_D1_b.txt,merge,10000000,aleatorio,D1,b,5036704,5036.7,0,true,data/array_output/10000000_aleatorio_D1_b_merge.txt
10000000_aleatorio_D1_b.txt,patience,10000000,aleatorio,D1,b,5088095,5088.1,0,true,data/array_output/10000000_aleatorio_D1_b_patience.txt
10000000_aleatorio_D1_b.txt,stdsort,10000000,aleatorio,D1,b,3036971,3036.97,0,true,data/array_output/10000000_aleatorio_D1_b_stdsort.txt
10000000_aleatorio_D1_c.txt,merge,10000000,aleatorio,D1,c,4950807,4950.81,0,true,data/array_output/10000000_aleatorio_D1_c_merge.txt
10000000_aleatorio_D1_c.txt,patience,10000000,aleatorio,D1,c,4950577,4950.58,0,true,data/array_output/10000000_aleatorio_D1_c_patience.txt
10000000_aleatorio_D1_c.txt,stdsort,10000000,aleatorio,D1,c,3029483,3029.48,0,true,data/array_output/10000000_aleatorio_D1_c_stdsort.txt
10000000_aleatorio_D7_a.txt,merge,10000000,aleatorio,D7,a,5809881,5809.88,0,true,data/array_output/10000000_aleatorio_D7_a_merge.txt
10000000_aleatorio_D7_a.txt,patience,10000000,aleatorio,D7,a,12046499,12046.5,5196,true,data/array_output/10000000_aleatorio_D7_a_patience.txt
10000000_aleatorio_D7_a.txt,stdsort,10000000,aleatorio,D7,a,3478162,3478.16,0,true,data/array_output/10000000_aleatorio_D7_a_stdsort.txt
10000000_aleatorio_D7_b.txt,merge,10000000,aleatorio,D7,b,5808643,5808.64,0,true,data/array_output/10000000_aleatorio_D7_b_merge.txt
10000000_aleatorio_D7_b.txt,patience,10000000,aleatorio,D7,b,12060331,12060.3,0,true,data/array_output/10000000_aleatorio_D7_b_patience.txt
10000000_aleatorio_D7_b.txt,stdsort,10000000,aleatorio,D7,b,3450676,3450.68,2624,true,data/array_output/10000000_aleatorio_D7_b_stdsort.txt
10000000_aleatorio_D7_c.txt,merge,10000000,aleatorio,D7,c,5800632,5800.63,0,true,data/array_output/10000000_aleatorio_D7_c_merge.txt
10000000_aleatorio_D7_c.txt,patience,10000000,aleatorio,D7,c,12243604,12243.6,0,true,data/array_output/10000000_aleatorio_D7_c_patience.txt
10000000_aleatorio_D7_c.txt,stdsort,10000000,aleatorio,D7,c,3524192,3524.19,3148,true,data/array_output/10000000_aleatorio_D7_c_stdsort.txt
10000000_ascendente_D1_a.txt,merge,10000000,ascendente,D1,a,4727724,4727.72,0,true,data/array_output/10000000_ascendente_D1_a_merge.txt
10000000_ascendente_D1_a.txt,patience,10000000,ascendente,D1,a,4465595,4465.6,0,true,data/array_output/10000000_ascendente_D1_a_patience.txt
10000000_ascendente_D1_a.txt,stdsort,10000000,ascendente,D1,a,2761551,2761.55,28308,true,data/array_output/10000000_ascendente_D1_a_stdsort.txt
10000000_ascendente_D1_b.txt,merge,10000000,ascendente,D1,b,4360148,4360.15,0,true,data/array_output/10000000_ascendente_D1_b_merge.txt
10000000_ascendente_D1_b.txt,patience,10000000,ascendente,D1,b,4462688,4462.69,0,true,data/array_output/10000000_ascendente_D1_b_patience.txt
10000000_ascendente_D1_b.txt,stdsort,10000000,ascendente,D1,b,2666776,2666.78,0,true,data/array_output/10000000_ascendente_D1_b_stdsort.txt
10000000_ascendente_D1_c.txt,merge,10000000,ascendente,D1,c,4367257,4367.26,0,true,data/array_output/10000000_ascendente_D1_c_merge.txt
10000000_ascendente_D1_c.txt,patience,10000000,ascendente,D1,c,4224652,4224.65,0,true,data/array_output/10000000_ascendente_D1_c_patience.txt
10000000_ascendente_D1_c.txt,stdsort,10000000,ascendente,D1,c,2627944,2627.94,0,true,data/array_output/10000000_ascendente_D1_c_stdsort.txt
10000000_ascendente_D7_a.txt,merge,10000000,ascendente,D7,a,4485764,4485.76,0,true,data/array_output/10000000_ascendente_D7_a_merge.txt
10000000_ascendente_D7_a.txt,patience,10000000,ascendente,D7,a,20075014,20075,352140,true,data/array_output/10000000_ascendente_D7_a_patience.txt
10000000_ascendente_D7_a.txt,stdsort,10000000,ascendente,D7,a,2114194,2114.19,0,true,data/array_output/10000000_ascendente_D7_a_stdsort.txt
10000000_ascendente_D7_b.txt,merge,10000000,ascendente,D7,b,4351899,4351.9,0,true,data/array_output/10000000_ascendente_D7_b_merge.txt
10000000_ascendente_D7_b.txt,patience,10000000,ascendente,D7,b,19802887,19802.9,26408,true,data/array_output/10000000_ascendente_D7_b_patience.txt
10000000_ascendente_D7_b.txt,stdsort,10000000,ascendente,D7,b,2097214,2097.21,0,true,data/array_output/10000000_ascendente_D7_b_stdsort.txt
10000000_ascendente_D7_c.txt,merge,10000000,ascendente,D7,c,4337450,4337.45,0,true,data/array_output/10000000_ascendente_D7_c_merge.txt
10000000_ascendente_D7_c.txt,patience,10000000,ascendente,D7,c,19782632,19782.6,192,true,data/array_output/10000000_ascendente_D7_c_patience.txt
10000000_ascendente_D7_c.txt,stdsort,10000000,ascendente,D7,c,2124716,2124.72,0,true,data/array_output/10000000_ascendente_D7_c_stdsort.txt
10000000_descendente_D1_a.txt,merge,10000000,descendente,D1,a,4483387,4483.39,0,true,data/array_output/10000000_descendente_D1_a_merge.txt
10000000_descendente_D1_a.txt,patience,10000000,descendente,D1,a,2239269,2239.27,0,true,data/array_output/10000000_descendente_D1_a_patience.txt
10000000_descendente_D1_a.txt,stdsort,10000000,descendente,D1,a,2756979,2756.98,0,true,data/array_output/10000000_descendente_D1_a_stdsort.txt
10000000_descendente_D1_b.txt,merge,10000000,descendente,D1,b,4393401,4393.4,0,true,data/array_output/10000000_descendente_D1_b_merge.txt
10000000_descendente_D1_b.txt,patience,10000000,descendente,D1,b,2270546,2270.55,0,true,data/array_output/10000000_descendente_D1_b_patience.txt
10000000_descendente_D1_b.txt,stdsort,10000000,descendente,D1,b,2721191,2721.19,0,true,data/array_output/10000000_descendente_D1_b_stdsort.txt
10000000_descendente_D1_c.txt,merge,10000000,descendente,D1,c,4378794,4378.79,0,true,data/array_output/10000000_descendente_D1_c_merge.txt
10000000_descendente_D1_c.txt,patience,10000000,descendente,D1,c,2247432,2247.43,0,true,data/array_output/10000000_descendente_D1_c_patience.txt
10000000_descendente_D1_c.txt,stdsort,10000000,descendente,D1,c,2706818,2706.82,0,true,data/array_output/10000000_descendente_D1_c_stdsort.txt
10000000_descendente_D7_a.txt,merge,10000000,descendente,D7,a,4406184,4406.18,0,true,data/array_output/10000000_descendente_D7_a_merge.txt
10000000_descendente_D7_a.txt,patience,10000000,descendente,D7,a,2315218,2315.22,0,true,data/array_output/10000000_descendente_D7_a_patience.txt
10000000_descendente_D7_a.txt,stdsort,10000000,descendente,D7,a,1951562,1951.56,0,true,data/array_output/10000000_descendente_D7_a_stdsort.txt
10000000_descendente_D7_b.txt,merge,10000000,descendente,D7,b,4674985,4674.99,0,true,data/array_output/10000000_descendente_D7_b_merge.txt
10000000_descendente_D7_b.txt,patience,10000000,descendente,D7,b,2305309,2305.31,0,true,data/array_output/10000000_descendente_D7_b_patience.txt
10000000_descendente_D7_b.txt,stdsort,10000000,descendente,D7,b,1883423,1883.42,0,true,data/array_output/10000000_descendente_D7_b_stdsort.txt
10000000_descendente_D7_c.txt,merge,10000000,descendente,D7,c,4450382,4450.38,0,true,data/array_output/10000000_descendente_D7_c_merge.txt
10000000_descendente_D7_c.txt,patience,10000000,descendente,D7,c,2265638,2265.64,0,true,data/array_output/10000000_descendente_D7_c_patience.txt
10000000_descendente_D7_c.txt,stdsort,10000000,descendente,D7,c,1925145,1925.15,0,true,data/array_output/10000000_descendente_D7_c_stdsort.txt
