caso,algoritmo,n,tipo,dominio,muestra,tiempo_us,tiempo_ms,memoria_kb,resultado_correcto,archivo_salida
16_densa_D0_a,naive,16,densa,D0,a,237,0.237854,0,true,data/matrix_output/16_densa_D0_a_naive.txt
16_densa_D0_a,strassen,16,densa,D0,a,5589,5.58923,0,true,data/matrix_output/16_densa_D0_a_strassen.txt
16_densa_D0_b,naive,16,densa,D0,b,44,0.044754,0,true,data/matrix_output/16_densa_D0_b_naive.txt
16_densa_D0_b,strassen,16,densa,D0,b,5499,5.4994,0,true,data/matrix_output/16_densa_D0_b_strassen.txt
16_densa_D0_c,naive,16,densa,D0,c,51,0.05103,0,true,data/matrix_output/16_densa_D0_c_naive.txt
16_densa_D0_c,strassen,16,densa,D0,c,5501,5.5016,0,true,data/matrix_output/16_densa_D0_c_strassen.txt
16_densa_D10_a,naive,16,densa,D10,a,44,0.044864,0,true,data/matrix_output/16_densa_D10_a_naive.txt
16_densa_D10_a,strassen,16,densa,D10,a,5123,5.12319,0,true,data/matrix_output/16_densa_D10_a_strassen.txt
16_densa_D10_b,naive,16,densa,D10,b,44,0.044939,0,true,data/matrix_output/16_densa_D10_b_naive.txt
16_densa_D10_b,strassen,16,densa,D10,b,5282,5.28287,0,true,data/matrix_output/16_densa_D10_b_strassen.txt
16_densa_D10_c,naive,16,densa,D10,c,63,0.063617,0,true,data/matrix_output/16_densa_D10_c_naive.txt
16_densa_D10_c,strassen,16,densa,D10,c,5413,5.41312,0,true,data/matrix_output/16_densa_D10_c_strassen.txt
16_diagonal_D0_a,naive,16,diagonal,D0,a,341,0.341782,0,true,data/matrix_output/16_diagonal_D0_a_naive.txt
16_diagonal_D0_a,strassen,16,diagonal,D0,a,12880,12.8805,0,true,data/matrix_output/16_diagonal_D0_a_strassen.txt
16_diagonal_D0_b,naive,16,diagonal,D0,b,196,0.196494,0,true,data/matrix_output/16_diagonal_D0_b_naive.txt
16_diagonal_D0_b,strassen,16,diagonal,D0,b,5156,5.15659,0,true,data/matrix_output/16_diagonal_D0_b_strassen.txt
16_diagonal_D0_c,naive,16,diagonal,D0,c,335,0.335053,0,true,data/matrix_output/16_diagonal_D0_c_naive.txt
16_diagonal_D0_c,strassen,16,diagonal,D0,c,30009,30.0097,0,true,data/matrix_output/16_diagonal_D0_c_strassen.txt
16_diagonal_D10_a,naive,16,diagonal,D10,a,271,0.271615,0,true,data/matrix_output/16_diagonal_D10_a_naive.txt
16_diagonal_D10_a,strassen,16,diagonal,D10,a,28057,28.0578,0,true,data/matrix_output/16_diagonal_D10_a_strassen.txt
16_diagonal_D10_b,naive,16,diagonal,D10,b,327,0.327278,0,true,data/matrix_output/16_diagonal_D10_b_naive.txt
16_diagonal_D10_b,strassen,16,diagonal,D10,b,26943,26.9435,0,true,data/matrix_output/16_diagonal_D10_b_strassen.txt
16_diagonal_D10_c,naive,16,diagonal,D10,c,241,0.241957,0,true,data/matrix_output/16_diagonal_D10_c_naive.txt
16_diagonal_D10_c,strassen,16,diagonal,D10,c,9712,9.71203,0,true,data/matrix_output/16_diagonal_D10_c_strassen.txt
16_dispersa_D0_a,naive,16,dispersa,D0,a,241,0.241456,0,true,data/matrix_output/16_dispersa_D0_a_naive.txt
16_dispersa_D0_a,strassen,16,dispersa,D0,a,9350,9.35087,0,true,data/matrix_output/16_dispersa_D0_a_strassen.txt
16_dispersa_D0_b,naive,16,dispersa,D0,b,268,0.268707,0,true,data/matrix_output/16_dispersa_D0_b_naive.txt
16_dispersa_D0_b,strassen,16,dispersa,D0,b,30901,30.9018,0,true,data/matrix_output/16_dispersa_D0_b_strassen.txt
16_dispersa_D0_c,naive,16,dispersa,D0,c,285,0.285365,0,true,data/matrix_output/16_dispersa_D0_c_naive.txt
16_dispersa_D0_c,strassen,16,dispersa,D0,c,28620,28.6208,0,true,data/matrix_output/16_dispersa_D0_c_strassen.txt
16_dispersa_D10_a,naive,16,dispersa,D10,a,244,0.244445,0,true,data/matrix_output/16_dispersa_D10_a_naive.txt
16_dispersa_D10_a,strassen,16,dispersa,D10,a,33442,33.4427,0,true,data/matrix_output/16_dispersa_D10_a_strassen.txt
16_dispersa_D10_b,naive,16,dispersa,D10,b,44,0.044875,0,true,data/matrix_output/16_dispersa_D10_b_naive.txt
16_dispersa_D10_b,strassen,16,dispersa,D10,b,5255,5.2556,0,true,data/matrix_output/16_dispersa_D10_b_strassen.txt
16_dispersa_D10_c,naive,16,dispersa,D10,c,43,0.043618,0,true,data/matrix_output/16_dispersa_D10_c_naive.txt
16_dispersa_D10_c,strassen,16,dispersa,D10,c,5333,5.33336,0,true,data/matrix_output/16_dispersa_D10_c_strassen.txt
64_densa_D0_a,naive,64,densa,D0,a,2609,2.60917,0,true,data/matrix_output/64_densa_D0_a_naive.txt
64_densa_D0_a,strassen,64,densa,D0,a,267909,267.909,128,true,data/matrix_output/64_densa_D0_a_strassen.txt
64_densa_D0_b,naive,64,densa,D0,b,14799,14.7996,0,true,data/matrix_output/64_densa_D0_b_naive.txt
64_densa_D0_b,strassen,64,densa,D0,b,289267,289.268,0,true,data/matrix_output/64_densa_D0_b_strassen.txt
64_densa_D0_c,naive,64,densa,D0,c,2656,2.6569,0,true,data/matrix_output/64_densa_D0_c_naive.txt
64_densa_D0_c,strassen,64,densa,D0,c,251292,251.292,0,true,data/matrix_output/64_densa_D0_c_strassen.txt
64_densa_D10_a,naive,64,densa,D10,a,2570,2.57036,0,true,data/matrix_output/64_densa_D10_a_naive.txt
64_densa_D10_a,strassen,64,densa,D10,a,251913,251.913,0,true,data/matrix_output/64_densa_D10_a_strassen.txt
64_densa_D10_b,naive,64,densa,D10,b,2692,2.69215,0,true,data/matrix_output/64_densa_D10_b_naive.txt
64_densa_D10_b,strassen,64,densa,D10,b,282445,282.446,0,true,data/matrix_output/64_densa_D10_b_strassen.txt
64_densa_D10_c,naive,64,densa,D10,c,3044,3.04456,0,true,data/matrix_output/64_densa_D10_c_naive.txt
64_densa_D10_c,strassen,64,densa,D10,c,259945,259.945,0,true,data/matrix_output/64_densa_D10_c_strassen.txt
64_diagonal_D0_a,naive,64,diagonal,D0,a,14636,14.6365,0,true,data/matrix_output/64_diagonal_D0_a_naive.txt
64_diagonal_D0_a,strassen,64,diagonal,D0,a,285847,285.848,0,true,data/matrix_output/64_diagonal_D0_a_strassen.txt
64_diagonal_D0_b,naive,64,diagonal,D0,b,16297,16.2971,0,true,data/matrix_output/64_diagonal_D0_b_naive.txt
64_diagonal_D0_b,strassen,64,diagonal,D0,b,293615,293.616,0,true,data/matrix_output/64_diagonal_D0_b_strassen.txt
64_diagonal_D0_c,naive,64,diagonal,D0,c,5194,5.1949,0,true,data/matrix_output/64_diagonal_D0_c_naive.txt
64_diagonal_D0_c,strassen,64,diagonal,D0,c,268224,268.225,0,true,data/matrix_output/64_diagonal_D0_c_strassen.txt
64_diagonal_D10_a,naive,64,diagonal,D10,a,2635,2.63574,0,true,data/matrix_output/64_diagonal_D10_a_naive.txt
64_diagonal_D10_a,strassen,64,diagonal,D10,a,292997,292.997,0,true,data/matrix_output/64_diagonal_D10_a_strassen.txt
64_diagonal_D10_b,naive,64,diagonal,D10,b,2983,2.98358,0,true,data/matrix_output/64_diagonal_D10_b_naive.txt
64_diagonal_D10_b,strassen,64,diagonal,D10,b,255416,255.417,0,true,data/matrix_output/64_diagonal_D10_b_strassen.txt
64_diagonal_D10_c,naive,64,diagonal,D10,c,2680,2.68063,0,true,data/matrix_output/64_diagonal_D10_c_naive.txt
64_diagonal_D10_c,strassen,64,diagonal,D10,c,261703,261.703,0,true,data/matrix_output/64_diagonal_D10_c_strassen.txt
64_dispersa_D0_a,naive,64,dispersa,D0,a,14952,14.9527,0,true,data/matrix_output/64_dispersa_D0_a_naive.txt
64_dispersa_D0_a,strassen,64,dispersa,D0,a,283618,283.619,0,true,data/matrix_output/64_dispersa_D0_a_strassen.txt
64_dispersa_D0_b,naive,64,dispersa,D0,b,3026,3.02671,0,true,data/matrix_output/64_dispersa_D0_b_naive.txt
64_dispersa_D0_b,strassen,64,dispersa,D0,b,253632,253.632,0,true,data/matrix_output/64_dispersa_D0_b_strassen.txt
64_dispersa_D0_c,naive,64,dispersa,D0,c,2752,2.75297,0,true,data/matrix_output/64_dispersa_D0_c_naive.txt
64_dispersa_D0_c,strassen,64,dispersa,D0,c,285432,285.433,0,true,data/matrix_output/64_dispersa_D0_c_strassen.txt
64_dispersa_D10_a,naive,64,dispersa,D10,a,2751,2.75118,0,true,data/matrix_output/64_dispersa_D10_a_naive.txt
64_dispersa_D10_a,strassen,64,dispersa,D10,a,292322,292.322,0,true,data/matrix_output/64_dispersa_D10_a_strassen.txt
64_dispersa_D10_b,naive,64,dispersa,D10,b,13305,13.3053,0,true,data/matrix_output/64_dispersa_D10_b_naive.txt
64_dispersa_D10_b,strassen,64,dispersa,D10,b,276380,276.38,0,true,data/matrix_output/64_dispersa_D10_b_strassen.txt
64_dispersa_D10_c,naive,64,dispersa,D10,c,3307,3.30755,0,true,data/matrix_output/64_dispersa_D10_c_naive.txt
64_dispersa_D10_c,strassen,64,dispersa,D10,c,256005,256.006,0,true,data/matrix_output/64_dispersa_D10_c_strassen.txt
256_densa_D0_a,naive,256,densa,D0,a,169828,169.828,384,true,data/matrix_output/256_densa_D0_a_naive.txt
256_densa_D0_a,strassen,256,densa,D0,a,12241994,12242,1152,true,data/matrix_output/256_densa_D0_a_strassen.txt
256_densa_D0_b,naive,256,densa,D0,b,175359,175.359,0,true,data/matrix_output/256_densa_D0_b_naive.txt
256_densa_D0_b,strassen,256,densa,D0,b,12356716,12356.7,0,true,data/matrix_output/256_densa_D0_b_strassen.txt
256_densa_D0_c,naive,256,densa,D0,c,172849,172.85,0,true,data/matrix_output/256_densa_D0_c_naive.txt
256_densa_D0_c,strassen,256,densa,D0,c,12228291,12228.3,0,true,data/matrix_output/256_densa_D0_c_strassen.txt
256_densa_D10_a,naive,256,densa,D10,a,172159,172.16,0,true,data/matrix_output/256_densa_D10_a_naive.txt
256_densa_D10_a,strassen,256,densa,D10,a,12060870,12060.9,0,true,data/matrix_output/256_densa_D10_a_strassen.txt
256_densa_D10_b,naive,256,densa,D10,b,174391,174.391,0,true,data/matrix_output/256_densa_D10_b_naive.txt
256_densa_D10_b,strassen,256,densa,D10,b,11942171,11942.2,0,true,data/matrix_output/256_densa_D10_b_strassen.txt
256_densa_D10_c,naive,256,densa,D10,c,166814,166.815,0,true,data/matrix_output/256_densa_D10_c_naive.txt
256_densa_D10_c,strassen,256,densa,D10,c,11964118,11964.1,0,true,data/matrix_output/256_densa_D10_c_strassen.txt
256_diagonal_D0_a,naive,256,diagonal,D0,a,164664,164.665,0,true,data/matrix_output/256_diagonal_D0_a_naive.txt
256_diagonal_D0_a,strassen,256,diagonal,D0,a,12161869,12161.9,0,true,data/matrix_output/256_diagonal_D0_a_strassen.txt
256_diagonal_D0_b,naive,256,diagonal,D0,b,168357,168.357,0,true,data/matrix_output/256_diagonal_D0_b_naive.txt
256_diagonal_D0_b,strassen,256,diagonal,D0,b,12299417,12299.4,0,true,data/matrix_output/256_diagonal_D0_b_strassen.txt
256_diagonal_D0_c,naive,256,diagonal,D0,c,173628,173.629,0,true,data/matrix_output/256_diagonal_D0_c_naive.txt
256_diagonal_D0_c,strassen,256,diagonal,D0,c,12492034,12492,0,true,data/matrix_output/256_diagonal_D0_c_strassen.txt
256_diagonal_D10_a,naive,256,diagonal,D10,a,166267,166.268,0,true,data/matrix_output/256_diagonal_D10_a_naive.txt
256_diagonal_D10_a,strassen,256,diagonal,D10,a,12015774,12015.8,0,true,data/matrix_output/256_diagonal_D10_a_strassen.txt
256_diagonal_D10_b,naive,256,diagonal,D10,b,165263,165.264,0,true,data/matrix_output/256_diagonal_D10_b_naive.txt
256_diagonal_D10_b,strassen,256,diagonal,D10,b,11997279,11997.3,0,true,data/matrix_output/256_diagonal_D10_b_strassen.txt
256_diagonal_D10_c,naive,256,diagonal,D10,c,164791,164.791,0,true,data/matrix_output/256_diagonal_D10_c_naive.txt
256_diagonal_D10_c,strassen,256,diagonal,D10,c,12041170,12041.2,0,true,data/matrix_output/256_diagonal_D10_c_strassen.txt
256_dispersa_D0_a,naive,256,dispersa,D0,a,164620,164.62,0,true,data/matrix_output/256_dispersa_D0_a_naive.txt
256_dispersa_D0_a,strassen,256,dispersa,D0,a,12009354,12009.4,0,true,data/matrix_output/256_dispersa_D0_a_strassen.txt
256_dispersa_D0_b,naive,256,dispersa,D0,b,165803,165.803,0,true,data/matrix_output/256_dispersa_D0_b_naive.txt
256_dispersa_D0_b,strassen,256,dispersa,D0,b,11987965,11988,0,true,data/matrix_output/256_dispersa_D0_b_strassen.txt
256_dispersa_D0_c,naive,256,dispersa,D0,c,179757,179.758,0,true,data/matrix_output/256_dispersa_D0_c_naive.txt
256_dispersa_D0_c,strassen,256,dispersa,D0,c,12328856,12328.9,0,true,data/matrix_output/256_dispersa_D0_c_strassen.txt
256_dispersa_D10_a,naive,256,dispersa,D10,a,167754,167.755,0,true,data/matrix_output/256_dispersa_D10_a_naive.txt
256_dispersa_D10_a,strassen,256,dispersa,D10,a,12169478,12169.5,0,true,data/matrix_output/256_dispersa_D10_a_strassen.txt
256_dispersa_D10_b,naive,256,dispersa,D10,b,171060,171.061,0,true,data/matrix_output/256_dispersa_D10_b_naive.txt
256_dispersa_D10_b,strassen,256,dispersa,D10,b,12202907,12202.9,0,true,data/matrix_output/256_dispersa_D10_b_strassen.txt
256_dispersa_D10_c,naive,256,dispersa,D10,c,164935,164.936,0,true,data/matrix_output/256_dispersa_D10_c_naive.txt
256_dispersa_D10_c,strassen,256,dispersa,D10,c,12000073,12000.1,0,true,data/matrix_output/256_dispersa_D10_c_strassen.txt
